Year,Month,United States dollar,Sterling pound,Euro,South Africa Rand,Uganda shilling\2,Tanzania shilling\2,Rwanda Franc,Burundi Franc,AE Dirham,Deutch Mark,Canadian dollar,French franc,Swiss franc,Dutch guilder,Italian lira,Belgium franc,Japanese yen (100),Swdish kroner,Norwegian kroner,Danish kroner,Austrian schilling,Finn marka,Spanish peseta,Indian rupee,Hong  kong dollar,Singapore dollar,Saudi riyal,Chinese Yuan,Australian dollar
1993,1,36.23,55.623,,,,,,,,22.438,28.356,6.616,24.544,19.96,2.433,1.09,28.995,5.009,5.284,5.735,3.188,6.709,31.638,1.399,,,,,
1993,2,36.557,52.675,,,,,,,,22.277,29.009,6.58,24.079,19.792,2.366,1.08,30.208,4.849,5.239,5.776,3.167,6.29,31.162,1.412,,,,,
1993,3,43.121,62.919,,,,,,,,26.164,34.594,7.701,28.262,23.28,2.71,1.27,36.831,5.576,6.125,6.782,3.719,7.214,36.616,1.438,,,,,
1993,4,51.879,80.336,,,,,,,,32.571,41.122,9.632,35.658,28.989,3.391,1.583,46.26,6.993,7.682,8.481,4.626,9.473,45.9,1.652,,,,,
1993,5,62.161,96.377,,,,,,,,38.731,48.996,11.491,42.94,34.529,4.215,1.884,56.363,8.495,9.151,10.083,5.504,11.328,51.428,1.981,,,,,
1993,6,64.153,96.966,,,,,,,,38.855,50.182,11.545,43.514,34.641,4.272,1.89,59.787,8.635,9.188,10.107,5.526,11.555,50.59,2.037,,,,,
1993,7,65.333,97.939,,,,,,,,38.169,50.972,11.218,43.186,33.945,4.18,1.849,60.694,8.268,9,9.446,5.422,11.345,48.787,2.08,,,,,
1993,8,65.421,97.737,,,,,,,,38.596,50.093,11.043,43.732,34.306,4.084,1.82,63.073,8.145,8.897,9.515,5.483,11.241,47.211,2.085,,,,,
1993,9,65.796,100.323,,,,,,,,40.544,49.839,11.595,46.441,36.108,4.198,1.891,62.491,8.218,9.295,9.916,5.765,11.432,51.039,2.098,,,,,
1993,10,67.974,102.121,,19.985,,,,,,41.453,51.283,11.842,47.218,36.934,4.254,1.91,63.59,8.545,9.493,10.265,5.901,11.827,50.017,2.164,,,,,
1993,11,68.982,102.158,,20.501,,,,,,40.62,52.421,11.684,46.122,36.198,4.15,1.906,64.021,8.367,9.348,10.205,5.778,11.914,50.342,2.198,,,,,
1993,12,68.413,101.938,,20.157,,,,,,39.991,51.375,11.695,46.714,35.692,4.054,1.916,62.351,8.188,9.217,10.198,5.691,11.902,48.739,2.181,,,,,
1994,1,67.928,101.328,,19.748,,,,,,38.996,51.555,11.479,46.111,34.834,3.998,1.877,60.966,8.36,9.051,10.04,5.545,11.935,47.43,2.165,,,,,
1994,2,67.405,99.752,,19.552,,,,,,38.845,50.284,11.437,46.268,34.645,4.003,1.886,63.346,8.462,9.008,9.972,5.522,12.1,47.819,2.149,,,,,
1994,3,66.049,98.577,,19.124,,,,,,39.034,48.501,11.456,46.338,34.735,3.955,1.895,62.874,8.349,8.995,9.917,5.547,11.952,47.592,2.107,,,,,
1994,4,62.777,93.07,,17.595,,,,,,36.971,45.401,10.797,43.399,32.888,3.843,1.788,60.652,7.94,8.498,9.408,5.237,11.461,45.515,2.015,,,,,
1994,5,58.046,87.313,,16.015,,,,,,35.057,42.133,10.238,41.136,31.22,3.64,1.701,56.081,7.528,8.067,8.942,4.967,10.73,42.588,1.846,,,,,
1994,6,56.174,85.665,,15.5,,,,,,34.449,40.698,10.102,40.857,30.77,3.528,1.673,54.715,7.226,7.949,8.818,5.271,10.382,41.735,1.787,,,,,
1994,7,55.969,86.498,,15.272,,,,,,35.653,40.526,10.411,42.256,31.776,3.569,1.732,56.801,7.231,8.168,9.093,5.077,10.718,43.133,1.793,,,,,
1994,8,55.532,85.7,,15.407,,,,,,35.514,40.023,10.365,42.107,31.613,3.514,1.724,55.645,7.192,8.104,8.991,5.041,10.791,42.818,1.787,,,,,
1994,9,51.661,80.595,,14.509,,,,,,33.266,38.076,9.725,39.9,29.664,3.302,1.616,52.207,6.852,7.589,8.446,4.727,10.38,40.106,1.655,,,,,
1994,10,42.382,67.991,,11.95,,,,,,27.866,31.269,8.135,33.49,24.892,2.743,1.352,43.069,5.841,6.371,7.069,3.96,8.985,33.378,1.376,,,,,
1994,11,43.499,68.959,,12.323,,,,,,28.256,31.682,8.242,33.559,25.171,2.744,1.373,44.38,5.942,6.485,7.217,4.059,9.138,33.904,1.393,,,,,
1994,12,45.184,70.49,,12.703,,,,,,28.773,32.588,8.365,34.03,25.841,2.782,1.399,45.156,6.04,6.62,7.363,4.1,9.345,34.267,1.448,,,,,
1995,1,44.478,70.033,,12.546,,,,,,29.06,31.436,8.413,34.571,25.923,2.776,1.415,44.64,5.974,,7.394,4.138,9.398,,1.426,,,,,
1995,2,44.473,69.941,,12.499,,,,,,29.611,31.636,8.512,34.985,26.399,2.758,1.437,45.293,6.055,,7.508,4.209,9.565,,1.42,,,,,
1995,3,44.138,70.619,,12.265,,,,,,31.239,31.324,8.876,37.668,27.983,2.623,1.566,48.69,6.089,,7.77,4.454,10.07,,1.401,,,,,
1995,4,43.986,70.794,,12.212,,,,,,31.934,31.935,9.108,38.756,28.512,2.544,1.551,52.626,5.999,,8.12,4.538,10.304,,1.404,,,,,
1995,5,51.887,82.206,,14.143,,,,,,36.88,38.15,10.423,44.428,32.913,3.173,1.788,61.133,7.153,,9.383,5.245,11.922,,1.661,,,,,
1995,6,53.621,85.551,,14.666,,,,,,38.136,38.896,10.923,46.327,34.211,3.296,1.869,63.496,7.435,,9.823,5.456,12.528,,1.717,,,,,
1995,7,56.592,90.25,,15.561,,,,,,40.848,41.509,11.744,49.091,36.474,3.535,1.993,65.051,7.917,,10.493, -   ,13.374,,1.813,,,,,
1995,8,55.699,87.426,,15.332,,,,,,38.826,41.095,11.243,46.659,34.483,3.489,1.882,59.006,7.728,,9.984,5.515,13.025,,1.779,,,,,
1995,9,55.432,86.353,,15.164,,,,,,37.944,41.087,12.682,46.647,33.858,3.452,1.845,55.18,7.784,,9.793,5.42,12.715,,1.696,,,,,
1995,10,55.515,87.67,,15.233,,,,,,39.305,41.25,11.276,48.552,35.078,3.482,1.912,55.198,8.144,,10.137,5.598,13.144,,1.639,,,,,
1995,11,55.536,86.9,,15.251,,,,,,39.247,41.089,11.397,48.682,35.037,3.511,1.907,54.514,8.443,,10.149,5.607,13.127,,1.627,,,,,
1995,12,55.801,85.966,,15.254,,,,,,38.771,40.786,11.267,47.988,34.648,3.458,1.887,54.843,8.447,,10.031,5.523,12.972,,1.625,,,,,
1996,1,56.714,86.791,,15.583,,,,,,38.744,41.541,11.346,48.11,34.663,3.593,1.888,53.716,8.45,,10.045,5.532,12.813,,1.612,,,,,
1996,2,58.294,89.567,,15.632,,,,,,39.756,42.489,11.568,48.78,35.708,3.714,1.933,55.12,8.48,,10.365,5.658,12.827,,1.602,,,,,
1996,3,58.412,89.254,,14.886,,,,,,39.353,42.779,11.554,48.869,35.339,3.743,1.926,55.191,8.672,,10.242,5.63,12.712,,1.703,,,,,
1996,4,58.374,88.489,,13.928,,,,,,38.795,42.977,11.429,47.895,34.685,3.732,1.894,54.398,8.693,,10.056,5.518,12.361,,1.712,,,,,
1996,5,58.237,88.181,,13.335,,,,,,37.959,42.552,11.231,45.859,33.977,3.743,1.849,54.748,8.57,,9.844,5.4,12.263,,1.672,,,,,
1996,6,57.986,89.423,,13.335,,,,,,37.975,42.48,11.206,46.133,33.892,3.764,1.853,53.271,8.689,,9.747,5.621,12.425,,1.666,,,,,
1996,7,57.312,89.08,,13.077,18.384,10.489,,,,38.092,41.892,11.251,46.446,33.934,3.757,1.855,52.447,8.645,,9.834,5.416,12.507,,1.623,,,,,
1996,8,56.992,88.36,,12.598,18.711,10.391,,,,38.469,41.553,11.27,47.435,34.294,3.763,1.874,52.885,8.62,,9.953,5.469,12.738,,1.602,,,,,
1996,9,56.428,88.019,,12.598,19.035,10.468,,,,37.503,41.213,11.014,45.875,33.45,3.716,1.827,51.392,8.499,,9.691,5.333,12.449,,1.585,,,,,
1996,10,55.856,88.545,,12.225,19.767,10.589,,,,36.557,41.348,10.82,44.44,32.613,3.67,1.783,49.756,8.469,,9.543,5.202,12.236,,1.574,,,,,
1996,11,55.624,92.444,,11.948,19.574,10.743,,,,36.8,41.589,10.905,43.677,32.826,3.68,1.793,49.557,8.405,,9.593,5.234,12.236,,1.563,,,,,
1996,12,55.151,91.824,,11.781,19.084,10.799,,,,35.545,40.52,10.531,41.578,31.738,3.612,1.726,48.444,8.113,,9.287,5.066,11.892,,1.546,,,,,
1997,1,54.738,91.086,,11.774,19.01,10.904,,,,34.182,40.555,10.131,39.413,30.441,3.502,1.664,46.506,7.727,,8.955,4.861,11.498,,1.534,,,,,
1997,2,54.93,89.313,,12.324,18.882,10.899,,,,32.863,40.542,9.723,37.82,29.221,3.323,1.595,44.671,7.43,,8.59,4.875,11.057,,1.537,,,,,
1997,3,54.89,88.229,,12.389,18.746,10.92,,,,32.335,40.059,9.592,37.474,28.75,3.244,1.574,44.777,7.176,,8.483,4.599,10.832,,1.536,,,,,
1997,4,54.377,88.682,,12.247,19.074,11.02,,,,31.807,39.019,9.443,37.241,28.278,3.213,1.545,43.3,7.079,,8.347,4.519,10.611,,1.522,,,,,
1997,5,53.749,87.789,,12.031,19.82,11.343,,,,31.591,38.966,9.366,37.608,28.081,3.197,1.535,45.245,7.004,,8.296,4.483,10.478,,1.506,,,,,
1997,6,54.235,89.217,,12.061,19.682,11.516,,,,31.429,39.18,9.317,37.67,27.943,3.205,1.529,47.509,7.015,,8.257,4.473,10.492,,1.519,,,,,
1997,7,57.36,95.942,,12.595,18.602,10.903,,,,32.063,41.669,9.507,38.785,28.477,3.295,1.558,49.819,7.35,,8.391,4.559,10.826,,1.611,,,,,
1997,8,67.12,107.721,,14.312,16.264,9.268,,,,36.402,48.33,10.819,44.356,32.368,3.732,1.77,56.926,8.403,,9.475,5.373,12.193,,1.874,,,,,
1997,9,63.766,102.113,,13.602,17.45,9.676,,,,35.642,45.974,10.572,43.309,31.664,3.653,1.732,52.795,8.28,,9.362,5.062,11.91,,1.756,,,,,
1997,10,62.635,102.22,,13.316,18.172,9.83,,,,35.681,45.006,10.636,40.164,31.695,3.662,1.738,51.741,8.283,,9.291,5.069,11.912,,1.737,,,,,
1997,11,63.931,107.884,,13.262,17.933,9.584,,,,36.949,45.267,11.035,45.493,32.782,3.775,1.794,51.182,8.468,,9.669,5.259,12.27,,1.729,,,,,
1997,12,63.051,104.759,,12.95,18.139,9.879,,,,35.46,44.252,10.598,43.837,31.469,3.623,1.722,48.769,8.1,,9.303,5.045,11.744,,1.618,,,,,
1998,1,61.164,100.079,,12.382,18.759,10.305,,,,33.754,42.525,10.071,41.526,29.901,3.431,1.641,47.16,7.638,,8.808,4.788,11.148,,1.566,,,,,
1998,2,60.517,99.252,,12.272,19.046,10.656,,,,33.373,42.171,9.933,41.284,29.62,3.379,1.623,48.107,7.497,,8.72,4.898,11.017,,1.562,,,,,
1998,3,60.125,99.861,,12.1,19.162,11.142,,,,32.947,42.462,9.828,40.444,29.234,3.349,1.604,46.742,7.556,,8.644,4.685,10.811,,1.527,,,,,
1998,4,59.612,99.744,,11.81,19.468,11.143,,,,32.891,41.738,9.808,39.596,29.193,3.335,1.599,45.142,7.626,,8.62,4.672,10.825,,1.508,,,,,
1998,5,62.603,102.525,,12.289,19.298,10.624,,,,35.293,43.344,10.525,42.373,31.318,3.579,1.715,46.388,8.144,,9.264,5.015,11.619,,1.554,,,,,
1998,6,60.519,99.802,,11.317,20.329,10.96,,,,33.79,41.301,10.08,40.533,29.972,3.438,1.643,43.074,7.655,,8.786,4.803,11.12,,1.437,,,,,
1998,7,59.337,97.65,,9.539,20.801,11.252,,,,33.025,39.977,9.838,39.215,29.287,3.355,1.605,42.209,7.432,,8.666,4.694,10.867,,1.4,,,,,
1998,8,59.374,97.024,,9.423,20.921,11.262,,,,33.219,38.757,9.906,39.747,29.455,3.373,1.615,41.093,7.314,,8.724,4.722,10.936,,1.392,,,,,
1998,9,60.008,100.848,,9.794,21.258,11.153,,,,35.25,39.419,10.518,42.819,31.249,3.574,1.71,44.636,7.601,,9.149,5.011,11.589,,1.414,,,,,
1998,10,59.871,101.431,,10.335,21.852,11.265,,,,36.514,38.826,10.876,44.751,32.362,3.695,1.77,49.369,7.629,,9.465,5.192,11.995,,1.416,,,,,
1998,11,59.63,99.13,,10.558,22.6,11.329,,,,36.642,41.582,10.583,43.107,31.457,3.592,1.722,49.577,7.464,,9.336,5.045,11.677,,1.409,,,,,
1998,12,61.816,103.187,,10.598,22.095,10.977,,,,37.004,40.163,11.033,45.368,32.8,3.738,1.793,52.495,7.657,,9.723,5.257,12.145,,1.454,,,,,
1999,1,61.802,101.993,71.752,10.349,22.094,11.029,,,,36.691,40.659,10.942,44.682,32.559,3.711,1.778,54.614,7.887,,9.636,5.215,12.08,,1.455,,,,,
1999,2,62.496,101.829,70.072,10.233,22.002,10.833,,,,35.844,41.747,10.684,43.835,31.803,3.609,1.739,53.631,7.879,,9.435,5.094,11.79,,1.472,,,,,
1999,3,64.011,103.804,69.723,10.309,21.569,10.804,,,,35.679,42.183,10.632,43.711,31.643,3.589,1.732,53.539,7.796,,9.385,5.067,11.44,,1.51,,,,,
1999,4,65.651,105.825,70.277,10.739,21.898,10.556,,,,35.936,44.12,10.722,43.894,31.89,3.624,1.744,54.928,7.89,,9.467,5.258,11.822,,1.539,,,,,
1999,5,68.819,111.15,73.178,11.135,22.226,10.31,,,,37.423,47.107,11.157,45.717,33.202,3.771,1.815,56.487,8.161,,9.674,5.318,12.315,,1.617,,,,,
1999,6,73.605,117.519,76.411,12.095,19.636,9.731,,,,39.077,50.1,11.649,46.183,34.678,3.941,1.894,60.962,8.649,,10.094,5.554,12.854,,1.711,,,,,
1999,7,73.098,115.084,75.675,11.97,19.895,10.466,,,,38.693,49.226,11.537,47.138,34.338,3.904,1.876,61.085,8.652,,10.13,5.5,12.727,,1.694,,,,,
1999,8,74.414,119.554,78.947,12.143,19.653,10.645,,,,40.377,49.834,12.039,49.347,35.832,4.069,1.958,65.653,9.014,,10.615,5.74,13.284,,1.715,,,,,
1999,9,75.681,122.801,79.476,12.501,19.655,10.536,,,,40.642,51.211,12.117,47.896,36.07,4.097,1.971,70.613,9.208,,10.694,5.91,13.368,,1.74,,,,,
1999,10,75.571,125.261,80.98,12.408,19.992,10.554,,,,41.411,51.198,12.347,50.811,36.748,4.178,2.009,71.302,9.29,,10.895,5.886,13.621,,1.743,,,,,
1999,11,74.789,121.425,77.435,12.182,20.11,10.66,,,,39.593,50.982,11.806,48.231,35.117,3.996,1.921,71.391,8.959,,10.411,5.628,13.026,,1.726,,,,,
1999,12,73.943,119.306,74.858,12.026,20.311,10.785,,,,38.063,50.154,11.413,46.769,33.969,3.862,1.856,72.075,8.689,,10.02,5.441,12.589,,1.702,,,,,
2000,1,70.681,116.015,71.828,11.539,21.303,11.306,,,19.244,36.691,48.8,10.943,44.578,32.562,3.699,1.779,67.238,8.293,8.836,9.641,5.216,12.124,43.125,1.623,,,,,
2000,2,73.219,117.416,72.031,11.602,20.763,10.933,,,19.935,36.881,50.491,10.996,44.779,33.166,3.714,1.791,66.975,8.477,8.863,9.682,5.249,12.174,43.249,1.679,,,,,
2000,3,74.431,117.582,71.834,11.531,20.315,10.76,,,20.265,37.35,50.959,10.964,44.734,32.614,3.704,1.78,69.797,8.551,8.858,9.636,5.223,12.093,43.203,1.708,,,,,
2000,4,74.363,117.823,70.541,11.228,20.459,10.757,,,20.246,36.071,50.714,10.783,44.762,32.012,3.64,1.749,70.58,8.533,8.674,9.455,5.293,11.866,42.38,1.704,,,,,
2000,5,75.97,114.701,68.917,10.812,20.475,10.52,,,20.665,35.242,50.818,10.562,44.266,31.276,3.558,1.795,70.2,8.367,8.41,9.25,5.014,11.586,41.443,1.729,,,,,
2000,6,77.545,117.038,73.673,11.202,20.322,10.311,,,21.113,37.67,52.522,11.256,47.233,33.433,3.791,1.826,73.051,8.871,8.929,9.869,5.497,12.399,44.249,1.735,,,20.681,,46.59
2000,7,76.406,115.364,71.907,11.107,21.029,10.456,,,20.773,36.769,51.715,11.001,46.363,32.626,3.717,1.782,70.892,8.551,8.795,9.667,5.225,12.093,43.299,1.706,9.79,41.852,20.351,,44.62
2000,8,76.448,113.907,69.26,10.993,21.987,10.456,,,20.814,35.426,51.587,10.607,44.663,31.442,3.579,1.718,70.714,8.251,8.555,9.299,5.036,11.65,41.66,1.674,9.802,44.441,20.382,,44.466
2000,9,78.197,111.998,68.091,10.871,22.676,10.239,,,21.29,34.796,52.719,10.447,44.506,30.902,3.516,1.688,73.235,8.098,8.48,9.125,4.949,11.451,40.925,1.704,10.025,44.992,20.848,,43.313
2000,10,79.257,115.167,67.788,10.605,23.088,10.094,,,21.579,34.661,52.422,10.433,44.804,30.764,3.505,1.681,73.128,7.954,8.474,9.1,4.927,11.405,40.735,1.71,10.164,45.25,21.13,,41.846
2000,11,78.857,112.515,67.452,10.263,23.434,10.161,,,21.47,34.497,51.152,10.37,44.375,30.62,3.489,1.673,72.443,7.859,8.458,9.05,4.891,11.354,40.545,1.686,10.111,45.14,21.022,,41.229
2000,12,78.733,114.915,70.454,10.296,22.453,10.188,,,21.437,36.028,51.629,10.768,46.613,31.975,3.638,1.747,70.318,8.138,8.662,9.419,5.12,11.855,42.278,1.685,10.095,45.315,20.991,,42.995
2001,1,78.606,116.251,73.814,10.115,23.191,10.223,,,21.402,37.742,52.314,11.275,48.29,33.511,3.812,1.83,67.304,8.328,9.007,9.437,5.365,12.418,44.36,1.69,10.077,45.24,20.958,,43.716
2001,2,78.25,113.794,72.161,10.035,22.134,10.403,,,21.304,36.901,51.446,11.045,46.998,32.751,3.728,1.789,67.373,8.084,8.791,9.67,5.245,12.14,43.371,1.687,10.03,44.838,20.864,,41.874
2001,3,77.753,112.427,70.807,9.863,22.47,10.701,,,21.169,36.214,49.96,10.823,46.1,32.14,3.657,1.756,64.167,7.781,8.65,9.481,5.148,11.907,42.545,1.668,9.969,43.916,20.731,,39.232
2001,4,77.499,111.202,69.185,9.593,22.867,11.359,,,21.099,35.352,49.698,10.574,45.252,31.391,3.573,1.717,62.646,7.597,8.53,9.276,5.023,11.646,41.619,1.659,9.937,42.775,20.664,,38.78
2001,5,78.54,112.045,68.825,9.845,22.802,11.337,,,21.446,35.173,50.948,10.522,44.866,31.212,3.556,1.705,64.487,7.601,8.553,9.236,4.998,11.556,41.386,1.673,10.07,43.285,20.942,,40.885
2001,6,78.62,110.293,67.152,9.767,22.616,11.332,,,21.405,34.334,51.548,10.31,44.117,30.476,3.467,1.664,64.445,7.302,8.459,8.995,4.904,11.304,40.339,1.673,10.08,43.288,22.039,,39.744
2001,7,79.018,111.641,67.829,9.624,21.926,11.271,,,21.502,34.647,51.677,10.372,44.817,30.832,3.495,1.683,63.383,7.331,8.519,9.126,4.931,11.43,40.829,1.675,10.125,43.309,21.057,,40.269
2001,8,78.914,113.366,71.043,9.505,22.172,11.297,,,21.475,36.313,49.581,10.832,46.919,32.248,3.665,1.761,64.944,7.684,8.764,9.551,5.164,11.953,42.724,1.675,10.118,44.808,21.041,,41.408
2001,9,78.946,115.471,71.896,9.147,22.192,11.326,,,21.52,36.747,50.445,10.965,48.19,32.644,3.715,1.762,66.467,7.448,8.991,9.661,5.228,12.098,43.226,1.657,10.122,45.102,21.05,,39.975
2001,10,78.967,114.687,71.583,8.526,22.054,11.344,,,21.499,36.602,50.281,10.92,48.326,32.48,3.697,1.775,65.122,7.493,8.943,9.626,5.202,12.039,43.023,1.645,10.124,43.658,21.055,,39.873
2001,11,78.959,113.465,70.138,8.132,22.001,11.547,,,21.541,35.861,49.527,10.692,47.857,31.83,3.634,1.739,64.53,7.133,8.854,9.419,5.097,11.794,42.152,1.645,10.124,43.15,21.06,,40.819
2001,12,78.686,113.238,70.238,6.862,21.857,11.649,,,21.423,35.914,49.753,10.708,47.602,31.882,3.629,1.742,61.928,7.451,8.793,9.415,5.108,11.814,42.22,1.642,10.09,42.823,20.981,,40.497
2002,1,78.597,112.767,69.539,6.761,22.218,11.753,,,21.461,35.565,48.891,10.591,47.165,31.557,3.592,1.724,59.324,7.522,8.772,9.354,5.065,11.675,41.791,1.626,10.078,42.744,20.958,,40.637
2002,2,78.25,111.358,68.075,6.827,22.365,12.162,,,21.304,34.807,48.797,10.378,46.083,30.893,3.514,1.688,58.609,7.42,8.737,9.17,4.924,11.45,40.931,1.607,10.033,42.727,20.865,,40.183
2002,3,78.057,111.059,68.437,6.801,22.716,12.402,,,21.252,34.68,49.092,,46.73,30.778,3.503,1.681,59.521,7.541,8.849,9.21,4.93,11.407,40.677,1.602,10.008,42.68,20.814,,40.925
2002,4,78.274,112.906,69.338,7.06,22.902,12.499,,,21.311,,49.242,,47.099,,,,59.585,7.59,9.042,9.276,,,,1.6,10.036,42.819,20.872,,41.938
2002,5,78.315,114.365,71.818,7.726,22.96,12.507,,,21.322,,50.333,,49.263,,,,61.901,7.764,9.539,9.659,,,,1.599,10.041,43.512,20.883,,43.105
2002,6,78.663,116.596,75.099,7.75,22.859,12.177,,,21.417,,51.325,,50.978,,,,63.696,8.242,10.123,10.101,,,,1.607,10.085,44.124,20.975,,44.755
2002,7,78.797,122.581,78.274,7.8,22.899,11.982,,,21.454,,51.347,,53.51,,,,66.753,8.449,10.575,10.53,,,,1.611,10.125,44.975,21.011,,43.676
2002,8,78.574,120.837,76.851,7.437,22.985,12.803,,,21.393,,50.351,,52.531,,,,66.029,8.31,10.327,10.344,,,,1.617,10.074,44.758,20.951,,42.589
2002,9,78.807,122.547,77.272,7.429,22.939,12.364,,,21.456,,50.377,,52.731,,,,65.267,8.424,10.488,10.405,,,,1.627,10.125,44.638,21.007,,43.112
2002,10,79.324,123.572,77.849,7.682,23.04,12.303,,,21.597,,50.586,,53.152,,,,64.047,8.551,10.6,10.477,,,,1.64,10.17,44.431,21.151,,43.608
2002,11,79.565,125.081,79.679,8.211,23.029,12.39,,,21.667,,51.069,,54.325,,,,65.495,8.777,10.863,10.728,,,,1.648,10.204,45.103,21.22,,44.668
2002,12,79.534,126.078,80.986,8.883,23.208,12.296,,,21.663,,51.511,,54.936,,,,65.185,8.905,11.087,10.846,,,,1.652,10.198,45.355,21.207,,44.825
2003,1,77.718,125.662,82.603,8.941,24.079,12.807,,,21.159,,51.092,,56.479,,,,65.414,8.999,11.242,11.115,,,,1.621,9.965,44.79,20.724,,45.329
2003,2,76.841,123.836,82.777,9.259,24.544,13.284,,,20.906,,51.395,,56.409,,,,64.332,9.045,10.977,11.139,,,,1.609,9.837,44.018,20.491,,45.68
2003,3,76.583,121.166,82.667,9.502,25.395,13.549,,,20.85,,52.347,,56.241,,,,64.539,8.963,10.544,11.139,,,,1.608,9.82,43.684,20.421,,46.135
2003,4,75.656,119.18,82.181,9.82,26.144,13.736,,,20.598,,52.213,,54.507,,,,63.141,8.971,10.491,11.063,,,,1.597,9.7,42.58,20.174,,46.076
2003,5,71.607,116.187,82.817,9.369,27.938,14.532,,,19.496,,51.988,,54.749,,,,61.166,9.16,10.432,11.122,,,,1.523,9.182,41.295,19.094,,46.383
2003,6,73.722,122.531,86.076,9.347,27.119,14.092,,,20.072,,54.525,,55.909,,,,62.339,9.417,10.528,11.595,,,,1.579,9.453,42.501,19.658,,48.996
2003,7,74.747,121.467,85.044,9.905,26.701,13.934,,,20.35,,54.238,,54.953,,,,62.986,9.25,10.251,11.439,,,,1.617,9.584,42.577,19.939,,49.492
2003,8,75.96,121.118,84.7,10.246,26.324,13.73,,,20.681,,54.396,,54.981,,,,63.935,9.172,10.238,11.395,,,,1.653,9.74,43.314,20.231,,49.478
2003,9,77.904,125.46,87.476,10.596,25.586,13.435,,,21.21,,57.062,,56.527,,,,67.691,9.641,10.656,11.777,,,,1.7,10.005,44.62,20.773,,51.54
2003,10,77.765,130.413,91.015,11.141,25.595,13.441,,,21.172,,58.743,,58.812,,,,70.972,10.078,11.042,12.251,,,,1.713,10.043,44.845,20.736,,52.358
2003,11,76.738,129.601,89.776,11.329,25.716,13.67,,,20.922,,58.393,,57.541,,,,70.267,9.963,10.926,12.073,,,,1.686,9.884,44.383,20.462,,54.939
2003,12,76.019,132.927,93.283,11.642,25.494,13.905,,,20.697,,57.897,,60,,,,70.496,10.303,11.304,12.536,,,,1.667,9.791,44.413,21.507,,56.104
2004,1,76.295,138.951,96.22,11.001,25.39,14.183,,,20.772,,58.911,,61.483,,,,71.66,10.517,11.159,12.917,,,,1.679,9.826,44.926,20.344,,58.719
2004,2,76.39,142.6,96.557,11.249,24.413,14.498,,,20.782,,57.487,,61.376,,,,71.716,10.491,10.975,12.961,,,,1.687,9.827,45.294,20.369,,59.405
2004,3,77.262,141.322,94.848,11.63,24.958,14.342,,,21.035,,58.109,,60.542,,,,71.149,10.241,11.093,12.73,,,,1.717,9.915,45.457,20.595,,57.953
2004,4,77.91,140.525,93.41,11.859,24.62,14.263,,,21.211,,58.252,,59.979,,,,72.431,10.145,11.242,12.549,,,,1.775,9.993,46.243,20.775,,57.929
2004,5,79.243,141.466,95.125,11.576,23.395,14.053,,,21.574,,57.391,,61.708,,,,70.597,10.377,11.568,12.79,,,,1.752,10.162,46.336,21.13,,55.921
2004,6,79.27,144.842,96.186,12.265,22.974,14.031,,,21.582,,58.246,,63.309,,,,72.357,10.483,11.585,12.944,,,,1.741,10.166,46.288,21.137,,54.957
2004,7,79.991,147.415,98.187,13.034,21.856,13.75,,,21.775,,60.475,,64.315,,,,73.183,10.643,11.57,13.205,,,,1.737,10.254,46.727,21.327,,57.292
2004,8,80.826,147.162,98.496,12.519,21.393,13.431,,,22.005,,61.519,,64.023,,,,73.239,10.685,11.817,13.244,,,,1.744,10.363,47.141,21.552,,57.395
2004,9,80.721,144.754,98.612,12.32,21.326,13.273,,,21.977,,62.565,,63.928,,,,73.358,10.816,11.79,13.253,,,,1.75,10.35,47.596,21.524,,56.616
2004,10,81.202,146.771,101.431,12.678,21.365,13.068,,,22.107,,65.044,,65.755,,,,74.546,11.17,12.306,13.639,,,,1.773,10.425,48.413,21.652,,59.512
2004,11,81.204,150.849,105.363,13.39,21.324,13.02,,,22.11,,67.816,,69.247,,,,77.455,11.671,12.921,14.182,,,,1.8,10.442,49.173,21.653,,62.45
2004,12,79.774,153.936,106.88,13.884,21.79,13.174,,,21.721,,65.602,,69.655,,,,76.899,11.882,12.985,14.38,,,,1.814,10.259,48.605,21.272,,61.354
2005,1,77.93,146.511,102.334,13.046,22.213,13.943,,,21.219,,63.717,,66.184,,,,75.477,11.282,12.446,13.753,,,,1.782,9.994,47.567,20.779,,59.645
2005,2,76.938,145.14,100.142,12.758,22.266,14.42,,,20.948,,62.108,,64.583,,,,73.326,10.989,12.02,13.458,,,,1.761,9.864,46.943,20.515,,60.078
2005,3,74.803,142.707,98.803,12.465,22.863,14.8,,,20.366,,61.39,,63.884,,,,71.297,10.835,12.056,13.27,,,,1.715,9.591,45.889,19.946,,58.778
2005,4,76.146,144.3,98.55,12.354,23.353,14.497,,,20.732,,61.589,,63.763,,,,71.12,10.72,12.034,13.23,,,,1.741,9.764,46.075,20.304,,58.85
2005,5,76.397,141.705,96.974,12.038,23.244,14.591,,,20.8,,60.817,,62.758,,,,71.61,10.519,11.987,13.025,,,,1.757,9.806,46.254,20.371,,58.472
2005,6,76.681,139.521,93.245,11.339,22.656,14.683,,,20.877,,61.741,,60.605,,,,70.575,10.051,11.809,12.521,,,,1.76,9.861,45.853,20.446,,58.811
2005,7,76.234,133.598,91.835,11.336,22.996,14.889,,,20.756,,62.273,,58.941,,,,68.089,9.737,11.574,12.312,,,,1.751,9.804,45.275,20.327,,57.348
2005,8,75.809,135.866,93.165,11.685,23.939,14.91,,,20.64,,62.833,,59.981,,,,68.458,9.96,11.762,12.489,,,,1.738,9.755,45.612,20.214,,57.712
2005,9,74.103,134.101,90.855,11.62,24.934,15.318,,,20.176,,62.827,,58.649,,,,66.723,9.728,11.631,12.181,,,,1.687,9.546,44.093,19.758,,56.722
2005,10,73.709,129.853,88.559,11.204,25.15,15.468,,,20.069,,62.613,,57.185,,,,64.219,9.408,11.29,11.874,,,,1.644,9.503,43.588,19.65,,55.607
2005,11,74.738,129.762,88.151,11.204,24.523,15.641,,,20.348,,63.215,,57.054,,,,63.193,9.217,11.269,11.818,,,,1.635,9.638,44.015,19.928,,54.975
2005,12,73.107,127.624,86.69,11.445,24.807,15.998,,,19.904,,62.937,,56.003,,,,61.633,9.184,10.87,11.632,,,,1.605,9.429,43.658,19.506,,54.242
2006,1,72.214,127.513,87.526,11.784,25.168,16.289,,,19.661,,62.338,,56.497,,,,62.55,9.392,10.869,11.733,,,,1.629,9.313,44.244,19.255,,54.149
2006,2,71.804,125.614,85.841,11.691,25.27,16.567,,,19.549,,62.48,,55.08,,,,60.936,9.197,10.639,11.499,,,,1.621,9.253,44.081,19.146,,53.255
2006,3,72.281,125.958,86.901,11.535,25.188,16.746,,,19.68,,62.252,,55.384,,,,61.631,9.248,10.878,11.646,,,,1.625,9.315,44.563,19.273,,52.594
2006,4,71.304,125.836,87.454,11.653,25.611,17.159,,,19.413,,62.183,,55.503,,,,60.935,9.364,11.115,11.723,,,,1.593,9.192,44.528,19.011,,52.447
2006,5,71.764,134.128,91.638,11.337,25.565,17.31,,,19.539,,64.642,,58.892,,,,64.241,9.814,11.75,12.29,,,,1.583,9.255,45.506,19.136,,54.787
2006,6,73.405,135.371,92.962,10.546,25.323,17.073,,,19.988,,65.584,,59.602,,,,64.031,10.057,11.828,12.466,,,,1.594,9.455,46.146,19.572,,54.335
2006,7,73.657,135.722,93.501,10.382,25.197,17.205,,,20.054,,64.344,,59.615,,,,63.708,10.154,11.763,12.533,,,,1.588,9.475,46.522,19.63,,55.357
2006,8,72.87,137.854,93.339,10.487,25.368,17.824,,,19.839,,64.093,,59.163,,,,62.892,10.137,11.673,12.51,,,,1.566,9.371,46.249,19.43,,55.603
2006,9,72.866,137.591,92.863,9.846,25.451,17.99,,,19.839,,65.136,,58.665,,,,62.26,10.018,11.004,12.446,,,,1.58,9.363,46.152,19.429,,55.127
2006,10,72.289,135.577,91.262,9.462,25.52,17.58,,,19.682,,64.08,,57.489,,,,60.955,9.858,10.877,12.24,,,,1.59,9.284,45.794,19.278,,54.465
2006,11,71.127,135.889,91.58,9.802,25.519,18.229,,,19.365,,62.635,,57.611,,,,60.649,10.058,11.096,12.282,,,,1.586,9.144,45.639,18.966,,55.098
2006,12,69.627,136.793,92.03,9.901,26.068,18.621,,,18.957,,60.463,,57.727,,,,59.473,10.185,11.279,12.344,,,,1.56,8.951,44.677,18.566,,53.936
2007,1,69.885,136.906,90.872,9.738,25.972,18.553,,,19.028,,59.462,,56.419,,,,58.091,10.003,10.98,12.191,,,,1.577,8.984,44.842,18.635,8.879,54.136
2007,2,69.616,136.399,91.043,9.714,25.436,18.493,,,18.956,,59.424,,56.313,,,,57.761,9.923,11.258,12.216,,,,1.576,8.923,45.195,18.562,8.94,54.45
2007,3,69.293,134.908,91.769,9.431,25.259,18.131,,,18.871,,59.263,,57.022,,,,59.08,9.851,11.284,12.323,,,,1.572,8.868,45.453,18.479,8.954,54.882
2007,4,68.577,136.4,92.681,9.641,25.205,18.412,,,18.674,,60.294,,56.706,,,,57.731,9.987,11.417,12.424,,,,1.627,8.775,45.271,18.285,8.876,56.645
2007,5,67.191,133.306,90.818,9.58,25.325,18.902,,,18.294,,61.317,,55.241,,,,55.648,9.841,11.158,12.194,,,,1.647,8.593,44.163,17.915,8.742,55.463
2007,6,66.575,132.25,89.332,9.288,24.974,18.97,,,18.126,,62.505,,53.984,,,,54.274,9.546,11.09,11.948,,,,1.632,8.52,43.252,17.751,8.715,55.876
2007,7,67.068,136.41,91.987,9.618,24.24,18.824,,,18.261,,63.813,,55.508,,,,55.166,9.964,11.59,12.298,,,,1.66,8.578,44.111,17.882,8.838,57.818
2007,8,66.946,134.57,91.151,9.258,25.802,19.093,,,18.228,,63.109,,55.632,,,,57.384,9.723,11.432,12.203,,,,1.64,8.565,43.898,17.849,8.824,55.129
2007,9,67.024,135.189,93.058,9.416,26.244,18.788,,,18.251,,65.175,,56.481,,,,58.246,9.942,11.878,12.397,,,,1.661,8.601,44.232,17.886,8.876,55.87
2007,10,66.845,136.521,95.087,9.866,26.127,17.596,,,18.204,,68.35,,56.933,,,,57.756,10.278,12.353,12.775,,,,1.691,8.62,45.601,17.868,8.912,60.081
2007,11,65.49,135.787,96.126,9.787,26.106,17.533,,,17.841,,68.033,,58.278,,,,58.928,10.244,12.125,12.902,,,,1.661,8.42,45.265,17.556,8.825,58.893
2007,12,63.303,119.887,86.088,8.66,27.112,18.358,,,16.088,,58.664,,51.908,,,,56.519,9.727,11.493,11.541,,,,1.498,8.119,43.67,16.909,8.573,55.24
2008,1,68.081,134.013,100.157,9.769,25.164,17.104,,,19.197,,67.368,,61.815,,,,63.156,10.506,12.628,13.447,,,,1.73,8.723,47.576,18.154,9.403,59.988
2008,2,70.624,138.461,103.963,9.24,24.24,16.457,,,19.197,,70.486,,64.628,,,,65.8,10.867,13.082,13.945,,,,1.775,9.041,49.942,18.8,9.836,64.313
2008,3,64.924,130.078,100.793,8.144,25.869,18.188,,,17.713,,65.27,,64.171,,,,64.041,10.647,12.807,13.424,,,,1.61,8.34,46.797,17.317,9.161,60.037
2008,4,62.256,123.372,98.083,7.992,27.055,19.569,,,16.953,,61.491,,61.569,,,,60.831,10.454,12.318,13.104,,,,1.556,7.993,45.554,16.599,8.876,57.782
2008,5,61.899,121.621,96.316,8.136,26.653,19.489,,,16.851,,61.879,,59.289,,,,59.379,10.338,12.24,12.911,,,,1.47,7.936,45.318,16.504,8.879,58.798
2008,6,63.783,125.266,99.208,8.023,25.14,25.14,,,17.352,,62.662,,61.47,,,,59.603,10.876,12.414,13.321,,,,1.488,8.171,46.672,17.008,9.242,60.929
2008,7,66.704,132.617,105.405,8.751,24.363,18.641,,,18.144,,65.869,,64.974,,,,62.434,11.122,13.065,14.124,,,,1.557,8.552,49.043,17.789,9.745,64.489
2008,8,67.679,127.974,101.239,8.83,23.999,17.649,,,18.426,,64.338,,62.549,,,,61.925,10.793,12.71,13.634,,,,1.576,8.668,48.332,18.047,9.879,60.315
2008,9,71.409,128.576,102.958,8.884,23.065,16.269,,,19.418,,67.396,,64.471,,,,67,10.743,12.614,13.819,,,,1.569,9.168,50.096,19.032,10.445,59.02
2008,10,76.657,129.382,101.673,7.831,23.894,16.116,,,20.774,,64.937,,67.005,,,,76.769,10.376,11.866,13.628,,,,1.565,9.88,51.859,20.408,11.211,52.458
2008,11,78.176,119.593,99.329,7.646,24.494,16.051,,,21.285,,64.018,,65.582,,,,80.711,9.827,11.275,13.346,,,,1.591,12.28,50.205,20.338,11.447,51.216
2008,12,78.04,116.534,105.561,7.84,25.069,16.642,,,21.257,,63.267,,68.29,,,,85.416,9.754,11.152,14.105,,,,1.602,10.069,52.698,20.8,11.382,52.132
2009,1,78.95,114.279,104.845,8.006,25.05,16.993,,,21.5,,64.523,,70.27,,,,87.447,9.749,11.353,14.102,,,,1.619,10.185,53.019,21.061,11.555,53.561
2009,2,79.533,114.535,101.725,7.953,24.731,16.613,,,21.653,,63.96,,68.269,,,,86.178,9.316,11.574,13.656,,,,1.616,10.258,52.382,21.204,11.635,51.552
2009,3,80.261,113.975,104.979,8.066,25.464,24.731,,,16.304,,63.49,,69.511,,,,82.218,9.39,11.645,14.057,,,,1.57,10.352,52.447,21.401,11.74,53.336
2009,4,79.626,116.981,105.077,8.811,27.286,16.751,,,21.678,,64.821,,69.377,,,,80.762,9.666,11.939,14.109,,,,1.591,10.274,52.954,21.232,11.656,56.744
2009,5,77.861,120.03,106.228,9.284,28.844,17.07,,,21.199,,67.552,,70.268,,,,80.632,10.045,12.068,14.258,,,,1.604,10.045,53.263,20.762,11.409,59.486
2009,6,77.851,127.219,109.028,9.634,27.473,16.864,,,21.199,,69.084,,71.983,,,,80.609,10.027,12.193,14.651,,,,1.628,10.044,53.593,20.759,11.391,62.384
2009,7,76.751,125.578,108.024,9.659,27.517,17.246,,,20.896,,68.141,,71.094,,,,81.294,9.969,12.062,14.513,,,,1.584,9.903,52.93,20.465,9.903,61.693
2009,8,76.372,126.342,108.835,9.6,27.141,17.279,,,20.793,,70.152,,71.409,,,,80.495,10.642,12.551,14.633,,,,1.582,9.854,52.954,20.365,11.178,63.731
2009,9,75.605,123.567,110.014,10.033,26.075,17.317,,,20.585,,69.884,,72.632,,,,82.702,10.806,12.788,14.73,,,,1.562,9.755,52.973,20.16,11.071,64.766
2009,10,75.244,121.647,111.245,10.061,25.266,17.504,,,20.486,,71.382,,73.904,,,,83.384,10.823,13.678,14.97,,,,1.61,9.709,53.808,20.064,11.021,68.181
2009,11,74.739,124.139,111.684,9.927,25.156,17.747,,,20.348,,70.554,,73.803,,,,83.794,10.8,13.257,14.997,,,,1.605,9.644,53.735,19.93,10.947,68.997
2009,12,75.431,122.539,110.268,10.07,25.2,17.65,,,20.537,,71.479,,73.384,,,,84.118,10.587,13.081,14.811,,,,1.618,9.729,53.988,20.112,11.047,68.198
2010,1,75.786,122.53,108.268,10.16,25.531,17.705,,,20.633,,72.742,,73.365,,,,83.115,10.62,13.232,14.549,,,,1.649,9.763,54.276,20.208,11.101,69.262
2010,2,76.73,120.097,105.094,10.007,25.995,17.577,,,20.892,,72.507,,71.564,,,,85.079,10.506,12.942,14.11,,,,1.651,9.878,54.34,20.461,11.235,68.012
2010,3,76.947,115.782,104.457,10.322,27.095,17.634,,,20.95,,75.005,,72.099,,,,85.038,10.745,12.991,14.038,,,,1.687,9.914,54.962,20.518,11.271,70.161
2010,4,77.254,118.505,103.707,10.499,26.957,17.747,,,21.033,,76.929,,72.342,,,,82.764,10.732,13.068,13.932,,,,1.735,9.952,55.951,20.6,11.318,71.586
2010,5,78.541,115.198,98.79,10.285,27.659,18.205,,,21.384,,75.513,,69.602,,,,85.254,10.214,12.514,13.276,,,,1.717,10.086,56.341,20.943,11.503,68.451
2010,6,81.018,119.625,98.992,10.589,27.91,17.992,,,22.058,,78.069,,71.915,,,,89.177,10.347,12.512,13.304,,,,1.74,10.402,57.942,21.603,11.88,69.154
2010,7,81.426,124.341,103.896,10.778,27.735,18.403,,,22.169,,78.013,,77.213,,,,92.896,10.94,12.942,13.942,,,,1.74,10.469,59.091,21.712,12.016,71.225
2010,8,80.44,125.937,103.792,11.016,27.713,18.886,,,21.901,,77.458,,77.239,,,,94.076,11.013,13.103,13.934,,,,1.728,10.352,59.313,21.45,11.852,72.407
2010,9,80.912,125.936,105.612,11.325,27.833,18.76,,,22.03,,78.181,,80.753,,,,95.879,11.444,13.351,14.183,,,,1.76,10.419,60.582,21.575,12,75.749
2010,10,80.714,127.984,112.197,11.679,28.047,18.519,,,21.976,,79.325,,83.364,,,,98.601,12.108,13.844,15.049,,,,1.817,10.402,61.9,21.523,12.103,79.202
2010,11,80.46,128.524,110.073,11.539,28.445,18.556,,,21.907,,79.538,,81.785,,,,97.647,11.805,13.513,14.762,,,,1.79,10.375,61.97,21.455,12.089,79.619
2010,12,80.568,125.652,106.535,11.794,28.591,18.167,,,21.935,,79.917,,83.174,,,,96.784,11.762,13.467,14.298,,,,1.784,10.363,61.662,21.483,12.121,80.02
2011,1,81.029,127.701,108.161,11.749,28.806,18.399,7.399,15.153,22.061,,81.575,,84.748,,,,98.135,12.136,13.826,14.515,,,,1.785,10.414,62.93,21.607,12.279,80.692
2011,2,81.473,131.454,111.288,11.328,28.793,18.509,7.279,14.934,22.182,,82.46,,85.829,,,,98.654,12.64,14.198,14.933,,,,1.793,10.46,63.823,21.724,12.39,82.187
2011,3,84.206,136.099,117.881,12.158,28.433,17.933,7.12,14.661,22.926,,86.192,,91.606,,,,102.966,13.262,15.017,15.81,,,,1.873,10.804,66.384,22.453,12.823,85.069
2011,4,83.89,137.135,121.142,12.468,28.214,17.99,7.15,14.658,22.84,,87.514,,93.247,,,,100.589,13.495,15.498,16.245,,,,1.892,10.791,67.217,22.37,12.847,88.597
2011,5,85.433,139.543,122.418,12.452,27.955,17.855,7.024,14.379,23.26,,88.354,,97.744,,,,105.281,13.666,15.601,16.418,,,,1.902,10.988,69.007,22.781,13.152,91.264
2011,6,89.049,144.399,128.113,13.101,27.609,17.786,6.739,13.84,24.245,,91.075,,105.672,,,,110.622,14.046,16.34,17.18,,,,1.985,11.438,72.109,23.745,13.752,94.378
2011,7,89.898,145.003,128.478,13.226,28.871,17.592,6.678,13.692,24.476,,94.057,,109.066,,,,113.206,14.068,16.506,17.235,,,,2.024,11.541,73.883,23.971,13.919,96.759
2011,8,92.786,151.901,133.042,13.115,29.685,17.397,6.455,13.285,25.262,,94.715,,119.106,,,,120.324,14.51,17.072,17.857,,,,2.049,11.899,76.736,24.741,14.483,97.369
2011,9,96.357,152.124,132.68,12.783,29.223,17.026,6.226,12.809,26.234,,96.326,,110.891,,,,125.554,14.496,17.171,17.815,,,,2.024,12.362,77.05,25.692,15.081,98.582
2011,10,101.27,159.405,138.737,12.731,27.686,16.898,5.928,12.166,27.571,,99.205,,112.831,,,,131.969,15.223,17.895,18.642,,,,2.058,13.019,79.293,27.003,15.9,102.43
2011,11,93.676,148.167,127.134,11.511,27.619,18.579,6.433,13.293,25.504,,91.505,,103.338,,,,120.853,13.934,16.37,17.082,,,,1.851,12.039,72.672,24.978,14.739,94.663
2011,12,86.663,135.095,114.146,10.564,28.247,18.652,6.96,15.11,23.595,,84.673,,92.957,,,,111.327,12.661,14.738,15.358,,,,1.649,11.142,66.883,23.108,13.646,87.68
2012,1,86.343,133.936,111.424,10.766,27.903,18.445,6.981,15.179,23.507,,85.312,,92.031,,,,112.229,12.609,14.533,14.987,,,,1.687,11.121,67.504,23.023,13.667,89.826
2012,2,83.176,131.419,110.055,10.854,27.97,19.174,7.249,15.75,22.645,,83.568,,91.253,,,,106.104,12.487,14.541,14.802,,,,1.692,10.726,66.332,22.179,13.201,89.242
2012,3,82.897,131.18,109.553,10.904,29.96,19.233,7.295,15.641,22.569,,83.583,,90.868,,,,100.602,12.33,14.559,14.743,,,,1.647,10.68,65.869,22.104,13.131,87.419
2012,4,83.188,133.191,109.572,10.617,30.116,19.079,7.261,15.927,22.648,,83.824,,91.152,,,,102.263,12.402,14.475,14.728,,,,1.608,10.717,66.502,22.182,13.193,86.083
2012,5,84.384,134.344,107.992,10.349,29.392,18.778,7.157,16.45,22.974,,83.581,,89.905,,,,105.834,12.029,14.291,14.528,,,,1.55,10.869,66.854,22.501,13.338,84.157
2012,6,84.789,131.95,106.505,10.117,29.304,18.679,7.118,16.493,23.085,,82.604,,88.694,,,,106.909,12.012,14.109,14.329,,,,1.515,10.928,66.364,22.608,13.322,84.772
2012,7,84.14,131.27,103.597,10.221,29.418,18.825,7.197,16.814,22.908,,83.026,,86.255,,,,106.503,12.11,13.891,13.926,,,,1.518,10.849,66.725,22.436,13.207,86.677
2012,8,84.075,132.053,104.2,10.174,29.633,18.737,7.229,17.029,22.89,,84.629,,86.769,,,,106.93,12.573,14.222,13.992,,,,1.514,10.84,67.347,22.419,13.218,88.063
2012,9,84.613,136.256,108.798,10.226,29.727,18.61,7.188,17.108,23.037,,86.497,,90.016,,,,108.246,12.81,14.715,14.597,,,,1.552,10.912,68.696,22.563,13.384,87.953
2012,10,85.112,136.807,110.347,9.854,30.295,18.551,7.268,17.302,23.172,,86.336,,91.21,,,,107.842,12.814,14.907,14.788,,,,1.605,10.979,69.509,22.696,13.586,87.598
2012,11,85.629,136.771,109.912,9.731,30.607,18.65,7.219,17.324,23.313,,85.941,,91.191,,,,105.811,12.776,14.975,14.737,,,,1.562,11.048,69.996,22.833,13.738,89.13
2012,12,85.994,138.781,112.769,9.95,31.089,18.549,7.187,17.574,23.412,,86.906,,93.325,,,,102.792,13.001,15.313,15.12,,,,1.574,11.096,70.44,22.93,13.799,89.99
2013,1,86.9,138.796,115.467,9.89,30.894,18.434,7.117,17.388,23.659,,87.631,,93.955,,,,97.667,13.38,15.641,15.474,,,,1.602,11.208,70.765,23.172,13.968,91.255
2013,2,87.446,135.543,116.858,9.84,30.396,18.542,7.108,17.806,23.808,,86.775,,95.034,,,,93.962,13.685,15.746,15.664,,,,1.626,11.275,70.609,23.317,14.029,90.254
2013,3,85.818,129.418,111.308,9.343,30.737,18.902,7.388,18.15,23.364,,83.76,,90.732,,,,90.495,13.316,14.875,14.931,,,,1.578,11.06,68.841,22.883,13.807,88.781
2013,4,84.189,128.81,109.646,9.237,30.644,19.283,7.534,18.697,22.922,,82.64,,89.893,,,,86.118,12.975,14.528,14.706,,,,1.55,10.845,68.034,22.449,13.612,87.403
2013,5,84.146,128.725,109.183,9.012,30.736,19.364,7.67,18.689,22.909,,82.437,,87.988,,,,83.374,12.74,14.451,14.651,,,,1.53,10.84,67.363,22.438,13.704,83.266
2013,6,85.488,132.417,112.812,8.511,30.339,19.128,7.564,18.225,23.275,,82.915,,91.569,,,,87.769,13.016,14.604,15.132,,,,1.465,11.017,67.825,22.795,13.934,80.658
2013,7,86.859,131.945,113.656,8.764,29.811,18.703,7.469,17.839,23.648,,83.283,,91.939,,,,87.234,13.119,14.414,15.237,,,,1.451,11.199,68.482,23.16,14.159,79.606
2013,8,87.493,135.467,116.511,8.687,29.475,18.5,7.4,17.583,23.82,,83.914,,94.465,,,,89.394,13.398,14.683,15.618,,,,1.39,11.282,68.71,23.329,14.292,79
2013,9,87.413,138.538,116.666,8.767,29.409,18.475,7.503,17.592,23.799,,84.389,,94.562,,,,88.143,13.458,14.646,15.644,,,,1.37,11.273,69.196,23.307,14.284,81.133
2013,10,85.31,137.307,116.333,8.603,29.737,18.867,7.847,18.131,23.226,,82.317,,94.502,,,,87.239,13.31,14.322,15.595,,,,1.384,11.002,68.569,22.747,13.976,81.088
2013,11,86.103,138.638,116.219,8.433,29.313,18.682,7.801,18.014,23.442,,82.122,,94.326,,,,86.215,13.069,14.122,15.578,,,,1.375,11.107,69.013,22.959,14.131,80.327
2013,12,86.309,141.369,118.178,8.337,29.201,18.627,7.759,17.905,23.499,,81.177,,96.499,,,,83.508,13.163,14.062,15.835,,,,1.394,11.132,68.581,23.013,14.205,77.598
2014,1,86.214,141.991,117.495,7.957,29.003,18.677,7.852,17.989,23.473,,78.936,,95.45,,,,82.923,13.271,14.022,15.759,,,,1.389,11.114,67.769,22.988,14.248,76.451
2014,2,86.278,142.809,117.806,7.86,28.612,18.82,7.869,17.997,23.49,,78.037,,96.453,,,,84.521,13.274,14.08,15.788,,,,1.386,11.121,68.11,23.005,14.191,77.333
2014,3,86.489,143.759,119.577,7.956,29.275,18.883,7.846,17.981,23.547,,77.798,,98.228,,,,84.576,13.514,14.398,16.027,,,,1.417,11.144,68.252,23.062,14.014,78.387
2014,4,86.716,145.084,119.783,8.2,29.193,18.862,7.816,17.879,23.609,,78.812,,98.229,,,,84.586,13.375,14.473,16.033,,,,1.434,11.183,69.057,23.122,13.932,80.776
2014,5,87.412,147.29,120.094,8.389,28.972,18.915,7.76,17.716,23.798,,80.258,,98.439,,,,85.839,13.389,14.69,16.094,,,,1.474,11.276,69.852,23.307,14.011,81.461
2014,6,87.612,148.145,119.157,8.2,29.445,19.181,7.742,17.685,23.853,,80.847,,97.809,,,,85.877,13.221,14.501,15.968,,,,1.466,11.302,70.009,23.359,14.061,82.079
2014,7,87.773,150.014,118.929,8.22,29.997,18.971,7.761,17.645,23.897,,81.932,,97.872,,,,86.311,12.955,14.177,15.942,,,,1.461,11.325,70.552,23.404,14.157,82.382
2014,8,88.106,147.242,117.396,8.256,29.66,18.891,7.825,17.573,23.987,,80.644,,96.845,,,,85.625,12.775,14.195,15.751,,,,1.447,11.368,70.586,23.492,14.313,81.975
2014,9,88.836,144.988,114.736,8.106,29.469,18.779,7.751,17.428,24.186,,80.771,,95.01,,,,82.904,12.477,14.015,15.451,,,,1.46,11.46,70.376,23.686,14.47,80.566
2014,10,89.227,143.66,113.205,8.047,30.031,18.961,7.716,17.466,24.33,,79.642,,93.691,,,,82.618,12.35,13.672,15.196,,,,1.454,11.502,70.03,23.785,14.565,78.331
2014,11,89.963,142.049,112.279,8.1,30.375,19.156,7.663,17.393,24.493,,79.521,,93.309,,,,77.528,12.136,13.22,15.087,,,,1.459,11.602,69.421,23.977,14.688,77.828
2014,12,90.444,141.454,111.522,7.894,30.619,19.109,7.616,17.284,24.624,,78.507,,92.698,,,,75.791,11.856,12.45,14.986,,,,1.442,11.664,68.773,24.098,14.613,74.65
2015,1,91.358,138.493,106.32,7.894,31.287,19.395,7.534,17.139,24.873,,75.66,,97.054,,,,77.187,11.272,11.886,14.289,,,,1.47,11.783,68.301,24.329,14.689,73.833
2015,2,91.489,140.211,103.945,7.898,31.361,19.92,7.524,17.117,24.908,,73.142,,97.92,,,,77.169,10.958,12.053,13.956,,,,1.475,11.797,67.521,24.383,14.633,71.291
2015,3,91.727,137.511,99.405,7.605,32.185,20.086,7.56,17.054,24.974,,72.758,,93.612,,,,76.225,10.749,11.503,13.328,,,,1.469,11.824,66.623,24.457,14.702,70.927
2015,4,93.438,139.618,100.706,7.78,32.04,20.284,7.374,16.725,25.439,,75.702,,97.078,,,,78.176,10.793,11.835,13.488,,,,1.49,12.055,69.257,24.913,15.066,72.308
2015,5,96.389,149.096,107.538,8.06,31.172,20.982,7.162,16.226,26.242,,79.344,,103.596,,,,79.892,11.58,12.8,14.424,,,,1.512,12.434,72.217,25.703,15.537,76.183
2015,6,97.705,152.164,109.717,7.95,32.666,22.488,7.37,16.055,26.601,,79.072,,104.959,,,,79,11.841,12.532,14.706,,,,1.53,12.603,72.621,26.052,15.742,75.435
2015,7,101.196,157.526,111.358,8.134,33.227,20.9,7.229,15.917,27.551,,78.924,,106.211,,,,82.096,11.887,12.471,14.924,,,,1.59,13.055,74.345,26.983,16.3,75.125
2015,8,102.431,159.766,114.087,7.944,34.658,20.728,6.987,15.106,27.887,,77.931,,105.75,,,,83.121,11.971,12.418,15.289,,,,1.574,13.213,73.236,27.31,16.147,74.692
2015,9,105.275,161.543,118.225,7.723,34.818,20.564,6.965,14.679,28.663,,79.419,,108.33,,,,87.64,12.574,12.718,15.853,,,,1.589,13.584,74.374,28.071,16.53,74.276
2015,10,102.779,157.442,115.301,7.607,35.388,21.189,7.137,15.07,27.982,,78.555,,105.996,,,,85.601,12.333,12.407,15.46,,,,1.579,13.262,73.301,27.406,16.183,73.939
2015,11,102.168,155.427,109.766,7.237,33.561,21.127,7.288,15.195,27.816,,77.001,,101.388,,,,83.437,11.783,11.841,14.721,,,,1.546,13.182,72.211,27.239,16.042,72.926
2015,12,102.195,153.286,111.109,6.821,32.904,21.078,7.309,15.204,27.824,,74.648,,102.53,,,,83.891,12.012,11.755,14.892,,,,1.535,13.185,72.531,27.237,15.844,74.025
2016,1,102.313,147.529,111.114,6.272,33.713,21.323,7.348,15.192,27.856,,72.07,,101.676,,,,86.566,11.978,11.594,14.896,,,,1.521,13.153,71.478,27.266,15.578,71.877
2016,2,101.932,145.856,113.023,6.463,33.679,21.452,7.364,15.283,27.752,,73.733,,102.489,,,,88.538,12.011,11.828,15.144,,,,1.494,13.095,72.435,27.179,15.561,72.619
2016,3,101.485,144.244,112.599,6.573,33.151,21.553,7.438,15.325,27.63,,76.632,,103.125,,,,89.857,12.118,11.94,15.099,,,,1.514,13.075,73.752,27.061,15.593,75.881
2016,4,101.228,144.787,114.842,6.917,33.044,21.648,7.486,15.358,27.56,,78.742,,105.028,,,,92.401,12.464,12.295,15.422,,,,1.524,13.052,74.971,26.993,15.629,77.613
2016,5,100.732,146.271,113.96,6.577,33.214,21.743,7.561,15.46,27.425,,77.906,,103.062,,,,92.48,12.265,12.253,15.318,,,,1.506,12.975,73.538,26.859,15.428,73.69
2016,6,101.145,144.316,113.688,6.731,33.269,21.67,7.591,16.016,27.538,,78.465,,104.382,,,,95.847,12.19,12.183,15.284,,,,1.504,13.031,74.729,26.97,15.347,74.918
2016,7,101.332,133.419,112.099,7.022,33.34,21.608,7.458,16.449,27.588,,77.686,,103.124,,,,97.24,11.839,11.976,15.068,,,,1.508,13.064,74.99,27.017,15.174,76.228
2016,8,101.41,132.893,113.659,7.396,33.252,21.57,7.584,16.474,27.61,,78.054,,104.522,,,,100.237,11.978,12.208,15.277,,,,1.515,13.075,75.285,27.041,15.255,77.396
2016,9,101.271,133.153,113.479,7.212,33.389,21.556,7.64,16.49,27.572,,77.301,,103.896,,,,99.33,11.86,12.322,15.244,,,,1.517,13.057,74.524,26.999,15.18,76.857
2016,10,101.323,125.47,111.885,7.274,33.879,21.545,7.601,16.514,27.586,,76.583,,102.763,,,,97.782,11.536,12.43,15.036,,,,1.519,13.062,73.289,27.013,15.067,77.204
2016,11,101.748,126.287,109.984,7.318,34.928,21.439,7.902,16.495,27.702,,75.676,,102.271,,,,94.273,11.164,12.108,14.782,,,,1.505,13.119,72.193,27.129,14.88,76.734
2016,12,102.132,127.682,107.672,7.358,35.247,21.337,7.991,16.444,27.807,,76.546,,100.165,,,,88.101,11.066,11.936,14.481,,,,1.504,13.163,71.164,27.229,14.76,75.095
2017,1,103.747,128.012,110.171,7.648,34.787,21.396,7.616,16.082,27.691,,76.921,,102.76,,,,93.118,11.811,12.11,15.025,,,,1.508,13.105,73.401,27.662,15.041,77.216
2017,2,103.644,129.462,110.363,7.854,34.583,21.56,7.989,16.312,28.219,,79.151,,103.516,,,,91.693,11.649,12.454,14.84,,,,1.546,13.357,73.242,27.636,15.078,79.458
2017,3,102.853,126.87,109.869,7.962,34.981,21.727,8.055,16.512,28.004,,76.853,,102.593,,,,91.079,11.529,12.101,14.779,,,,1.561,13.244,73.181,27.426,14.913,78.395
2017,4,103.325,130.428,110.681,7.673,35.025,21.621,8.061,16.461,28.131,,76.971,,103.256,,,,93.723,11.536,12.039,14.892,,,,1.601,13.291,73.891,27.551,16.995,77.844
2017,5,103.262,133.456,114.049,7.793,35.104,21.653,8.043,16.542,28.114,,75.9,,104.597,,,,91.994,11.758,12.147,15.339,,,,1.603,13.261,74.023,27.534,14.989,76.805
2017,6,103.491,132.471,116.177,8.033,34.692,21.621,8.032,16.663,28.176,,77.766,,106.906,,,,93.399,11.916,12.231,15.623,,,,1.606,13.271,74.777,27.595,15.202,78.204
2017,7,103.877,134.858,119.401,7.899,34.675,21.545,7.973,16.659,28.281,,81.607,,108.093,,,,92.299,12.45,12.688,16.067,,,,1.611,13.303,75.706,27.699,15.335,80.812
2017,8,103.556,134.241,122.242,7.818,34.82,21.629,8.007,16.788,28.194,,82.142,,107.282,,,,94.301,12.8,13.112,16.441,,,,1.618,13.242,76.104,27.613,15.518,81.981
2017,9,103.12,137.09,122.85,7.85,34.9,21.74,8.07,16.92,28.07,,83.84,,107.12,,,,93.22,12.89,13.17,16.51,,,,1.6,13.19,76.39,27.49,15.7,82.23
2017,10,103.388,136.44,121.587,7.585,34.162,21.713,8.089,16.939,28.148,,82.321,,105.543,,,,91.7,12.672,12.96,16.339,,,,1.588,13.244,76.052,27.568,15.605,80.67
2017,11,103.571,136.782,121.422,7.343,35.145,21.658,8.164,16.947,28.198,,81.151,,104.43,,,,91.774,12.353,12.672,16.324,,,,1.596,13.271,76.357,27.617,15.638,79.032
2017,12,103.095,138.238,121.968,7.81,35.143,21.728,8.222,17.081,28.069,,80.669,,104.326,,,,91.313,12.264,12.391,16.382,,,,1.604,13.196,76.535,27.49,15.618,78.699
2018,1,102.918,141.946,125.368,8.423,35.367,21.81,8.234,17.133,28.02,,82.744,,106.959,,,,92.729,12.77,12.991,16.846,,,,1.617,13.162,77.818,27.443,15.994,81.738
2018,2,101.4,141.722,125.287,8.567,35.874,22.202,8.44,17.398,27.606,,80.756,,108.49,,,,93.862,12.623,12.951,16.825,,,,1.576,12.964,76.856,27.038,16.045,79.919
2018,3,101.181,141.241,124.683,8.535,36.157,22.307,8.495,17.447,27.547,,78.393,,106.903,,,,95.332,12.283,13.017,16.743,,,,1.555,12.906,76.881,26.98,15.992,78.62
2018,4,100.611,141.858,123.653,8.327,36.731,22.584,8.61,17.516,27.392,,79.041,,104.085,,,,93.567,11.933,12.85,16.6,,,,1.533,12.819,76.495,26.828,15.977,77.396
2018,5,100.663,135.677,118.963,8.021,37.005,22.669,8.615,17.52,27.405,,78.22,,100.902,,,,91.722,11.486,12.425,15.968,,,,1.49,12.825,75.133,26.841,15.793,75.687
2018,6,101.003,134.242,117.975,7.623,38.046,22.538,8.626,17.45,27.498,,77.001,,102.116,,,,91.905,11.487,12.455,15.84,,,,1.49,12.871,74.984,26.932,15.629,75.813
2018,7,100.672,132.584,117.596,7.496,37.412,22.613,8.69,17.519,27.408,,76.627,,101.158,,,,90.355,11.392,12.377,15.78,,,,1.465,12.829,73.831,26.844,15.006,74.502
2018,8,100.6127778,129.6761237,116.2476136,7.184119747,37.0569926,22.71275964,8.724532787,17.58155904,27.39141832,,77.17428733,,101.7306078,,,,90.66973113,11.12204597,12.0949935,15.58427414,,,,1.447952069,12.81785637,73.51620239,26.82674096,14.69095074,73.76712302
2018,9,100.8338611,131.6501944,117.6581111,6.81325456,37.69676301,22.66944093,8.719151419,17.59525679,27.45177556,,77.32939115,,104.2493234,,,,90.17490209,11.25578916,12.2113971,15.77429335,,,,1.397199486,12.86407072,73.52928175,26.88455082,14.70761197,72.60416612
2018,10,101.0756313,131.5993308,116.2008965,7.000334299,37.39532115,22.6604989,8.739468119,17.59881861,27.51761514,,77.73583776,,101.8409385,,,,89.5926075,11.19807302,12.25948885,15.57808924,,,,1.375640108,12.89798075,73.32654447,26.94636475,14.61395864,71.9450352
2018,11,102.3566162,132.0794444,116.3540025,7.248843569,36.53749353,22.46042633,8.684578316,17.41224447,27.86653258,,77.63045864,,102.2413846,,,,90.35043695,11.29622251,12.08942957,15.59429375,,,,1.423557687,13.07101362,74.40503196,27.2834957,14.7440548,74.09277372
2018,12,102.2918062,129.7393506,116.4488605,7.216567636,36.31593037,22.49425827,8.720793151,17.47854186,27.84875652,,76.32960332,,103.0862295,,,,90.99460955,11.33108616,11.88219649,15.60028305,,,,1.446700618,13.0816889,74.66999529,27.26608464,14.84855422,73.64657488
